{"cameraMode":{"drawMode":0,"name":"Shaded","section":"Shading Mode"},"sceneLighting":false,"audioPlay":false,"sceneViewState":{"showFog":true,"showMaterialUpdate":false,"showSkybox":true,"showFlares":true,"showImageEffects":true,"showParticleSystems":true},"in2DMode":false,"pivot":{"x":135.5050048828125,"y":0.2759999930858612,"z":123.93199920654297},"rotation":{"x":0.015675049275159837,"y":0.9843135476112366,"z":-0.12649458646774293,"w":0.12198496609926224},"size":0.7286710143089294,"orthographic":false}