{"cameraMode":{"drawMode":0,"name":"Shaded","section":"Shading Mode"},"sceneLighting":false,"audioPlay":false,"sceneViewState":{"showFog":true,"showMaterialUpdate":false,"showSkybox":true,"showFlares":true,"showImageEffects":true,"showParticleSystems":true},"in2DMode":false,"pivot":{"x":137.06199645996095,"y":0.2759999930858612,"z":123.93199920654297},"rotation":{"x":0.034814171493053439,"y":0.9317054748535156,"z":-0.09283334016799927,"w":0.3494208753108978},"size":1.0286710262298585,"orthographic":false}