{"cameraMode":{"drawMode":0,"name":"Shaded","section":"Shading Mode"},"sceneLighting":false,"audioPlay":false,"sceneViewState":{"showFog":true,"showMaterialUpdate":false,"showSkybox":true,"showFlares":true,"showImageEffects":true,"showParticleSystems":true},"in2DMode":false,"pivot":{"x":135.0595703125,"y":0.8499963283538818,"z":114.71830749511719},"rotation":{"x":0.0021865149028599264,"y":-0.9978089332580566,"z":0.04824211075901985,"w":0.045225661247968677},"size":10.15607738494873,"orthographic":false}