{"cameraMode":{"drawMode":0,"name":"Shaded","section":"Shading Mode"},"sceneLighting":true,"audioPlay":false,"sceneViewState":{"showFog":true,"showMaterialUpdate":false,"showSkybox":true,"showFlares":true,"showImageEffects":true,"showParticleSystems":true},"in2DMode":false,"pivot":{"x":141.32180786132813,"y":17.900375366210939,"z":120.33721160888672},"rotation":{"x":-0.14583906531333924,"y":-0.8353256583213806,"z":0.2655624747276306,"w":-0.45873597264289858},"size":29.86095428466797,"orthographic":false}