{"cameraMode":{"drawMode":0,"name":"Shaded","section":"Shading Mode"},"sceneLighting":false,"audioPlay":false,"sceneViewState":{"showFog":true,"showMaterialUpdate":false,"showSkybox":true,"showFlares":true,"showImageEffects":true,"showParticleSystems":true},"in2DMode":false,"pivot":{"x":6.519999980926514,"y":24.735000610351564,"z":18.51099967956543},"rotation":{"x":0.0341305136680603,"y":-0.8400477170944214,"z":0.5388129949569702,"w":0.053250402212142947},"size":2.8578836917877199,"orthographic":false}