{"cameraMode":{"drawMode":0,"name":"Shaded","section":"Shading Mode"},"sceneLighting":false,"audioPlay":false,"sceneViewState":{"showFog":true,"showMaterialUpdate":false,"showSkybox":true,"showFlares":true,"showImageEffects":true,"showParticleSystems":true},"in2DMode":false,"pivot":{"x":8.553099632263184,"y":1.899999976158142,"z":26.100000381469728},"rotation":{"x":-0.011885756626725197,"y":0.9801854491233826,"z":-0.18780530989170075,"w":-0.06184088811278343},"size":2.857883930206299,"orthographic":false}