{"cameraMode":{"drawMode":0,"name":"Shaded","section":"Shading Mode"},"sceneLighting":false,"audioPlay":false,"sceneViewState":{"showFog":true,"showMaterialUpdate":false,"showSkybox":true,"showFlares":true,"showImageEffects":true,"showParticleSystems":true},"in2DMode":false,"pivot":{"x":5.722312927246094,"y":5.519999980926514,"z":26.010000228881837},"rotation":{"x":0.11951413005590439,"y":0.713517963886261,"z":-0.12567371129989625,"w":0.6788333058357239},"size":2.8578836917877199,"orthographic":false}